               epoch,      train/box_loss,      train/obj_loss,      train/cls_loss,   metrics/precision,      metrics/recall,     metrics/mAP_0.5,metrics/mAP_0.5:0.95,        val/box_loss,        val/obj_loss,        val/cls_loss,               x/lr0,               x/lr1,               x/lr2
                   0,            0.089982,            0.052574,            0.048782,              0.3633,             0.23415,             0.18339,            0.067652,            0.068048,            0.032458,            0.031325,            0.070286,           0.0033016,           0.0033016
                   1,            0.067505,            0.049377,            0.024698,             0.46309,             0.36263,             0.24946,            0.095193,            0.064196,            0.028346,            0.017854,            0.040249,           0.0065984,           0.0065984
                   2,            0.063537,            0.049111,            0.016578,             0.46337,             0.30496,             0.24249,            0.093724,            0.064087,            0.033581,            0.018325,            0.010176,           0.0098586,           0.0098586
                   3,             0.05961,            0.049832,            0.014248,             0.53828,             0.34423,             0.32503,             0.14092,            0.056894,            0.032017,            0.019535,            0.009835,            0.009835,            0.009835
                   4,             0.05678,            0.049776,            0.012778,             0.60307,             0.42806,             0.40061,              0.1786,            0.051806,            0.029996,             0.01071,            0.009835,            0.009835,            0.009835
                   5,            0.054496,            0.048883,            0.010977,             0.66478,             0.41418,             0.44018,             0.19546,            0.054136,            0.029266,           0.0092547,             0.00978,             0.00978,             0.00978
                   6,            0.053354,            0.048466,            0.009931,             0.59629,             0.39184,             0.40731,             0.18869,            0.052379,            0.030583,             0.01213,            0.009725,            0.009725,            0.009725
                   7,            0.052186,            0.048242,           0.0093148,             0.69318,             0.48183,             0.50267,             0.24559,            0.048319,            0.028369,           0.0063323,             0.00967,             0.00967,             0.00967
                   8,            0.051151,            0.047975,           0.0086875,             0.71286,             0.43169,             0.47214,             0.22323,            0.051153,            0.030182,            0.011933,            0.009615,            0.009615,            0.009615
                   9,            0.050889,            0.047121,           0.0084113,             0.70445,             0.48437,             0.52317,             0.25836,            0.048195,            0.030652,            0.005486,             0.00956,             0.00956,             0.00956
                  10,            0.050139,             0.04597,            0.007905,             0.66005,              0.4519,             0.47456,             0.22632,            0.049447,            0.030183,           0.0075583,            0.009505,            0.009505,            0.009505
                  11,            0.049575,            0.046088,           0.0076332,             0.65075,             0.48839,             0.51238,             0.24153,            0.048531,            0.027904,           0.0059475,             0.00945,             0.00945,             0.00945
                  12,            0.049255,            0.045644,           0.0075905,             0.65679,             0.50179,             0.54219,             0.25794,            0.048143,            0.027485,           0.0058619,            0.009395,            0.009395,            0.009395
                  13,            0.048703,            0.045718,           0.0072792,             0.71584,             0.58024,             0.61871,             0.31312,            0.044336,             0.02568,           0.0037805,             0.00934,             0.00934,             0.00934
                  14,            0.048426,            0.045446,           0.0065268,             0.70593,             0.56706,             0.61445,             0.31665,            0.044202,            0.026072,           0.0038327,            0.009285,            0.009285,            0.009285
                  15,            0.048103,            0.045601,           0.0065102,             0.69276,             0.52099,             0.56124,             0.28289,            0.046621,            0.027992,           0.0056751,             0.00923,             0.00923,             0.00923
                  16,            0.047755,            0.044545,           0.0063979,             0.64892,             0.58224,             0.60798,             0.31055,             0.04519,             0.02665,           0.0036714,            0.009175,            0.009175,            0.009175
                  17,            0.047586,            0.045317,           0.0060507,              0.7001,             0.57471,             0.62024,             0.31722,            0.044445,            0.026474,           0.0042432,             0.00912,             0.00912,             0.00912
                  18,            0.047173,            0.044877,           0.0058863,             0.67224,             0.61442,             0.64086,             0.32319,            0.043854,            0.025608,           0.0032601,            0.009065,            0.009065,            0.009065
                  19,            0.046818,            0.044243,            0.005856,             0.65704,              0.6022,             0.63256,             0.32579,            0.043305,            0.025706,           0.0041329,             0.00901,             0.00901,             0.00901
                  20,            0.046378,            0.043653,            0.005498,             0.69768,             0.61708,             0.65344,             0.34081,            0.042673,            0.025234,           0.0034685,            0.008955,            0.008955,            0.008955
                  21,             0.04642,            0.043983,           0.0053246,             0.71801,             0.62706,             0.68216,             0.35608,             0.04232,            0.024357,           0.0027594,              0.0089,              0.0089,              0.0089
                  22,            0.045866,            0.043866,           0.0052656,              0.7223,              0.6603,             0.70492,             0.37363,             0.04122,            0.024282,           0.0029407,            0.008845,            0.008845,            0.008845
                  23,            0.045929,            0.043102,           0.0055004,             0.69525,             0.63671,             0.68148,             0.35435,            0.042137,             0.02491,           0.0028701,             0.00879,             0.00879,             0.00879
                  24,            0.045645,            0.042654,           0.0050997,             0.71501,             0.66114,             0.70167,             0.36813,            0.041256,            0.024323,           0.0021957,            0.008735,            0.008735,            0.008735
                  25,            0.045658,            0.043173,            0.005086,             0.69461,             0.60072,             0.64912,               0.333,            0.043995,            0.026175,            0.004169,             0.00868,             0.00868,             0.00868
                  26,            0.045564,            0.042996,           0.0049554,             0.68784,             0.62493,              0.6676,             0.33276,            0.043502,            0.026119,           0.0029771,            0.008625,            0.008625,            0.008625
                  27,            0.045504,            0.042724,           0.0050303,             0.72771,             0.69624,             0.73453,              0.3908,            0.040308,             0.02349,           0.0019356,             0.00857,             0.00857,             0.00857
                  28,            0.044794,            0.042122,           0.0047001,             0.73508,             0.62015,             0.67962,              0.3562,            0.043381,            0.025866,           0.0040436,            0.008515,            0.008515,            0.008515
                  29,            0.044722,             0.04209,           0.0047037,             0.73798,             0.69087,             0.74112,             0.39045,            0.040359,            0.023361,           0.0021463,             0.00846,             0.00846,             0.00846
                  30,            0.044542,            0.042645,           0.0046155,             0.74022,             0.70293,             0.75447,             0.40843,            0.039572,            0.023418,           0.0020505,            0.008405,            0.008405,            0.008405
                  31,            0.044146,            0.041988,            0.004597,             0.76656,             0.70108,             0.75632,             0.40833,            0.039885,             0.02313,           0.0019374,             0.00835,             0.00835,             0.00835
                  32,            0.044514,            0.041881,           0.0045619,               0.737,              0.6691,              0.7127,             0.37637,            0.041369,            0.024537,           0.0030623,            0.008295,            0.008295,            0.008295
                  33,            0.044435,            0.042002,           0.0044376,             0.74449,             0.68142,             0.73102,             0.39039,            0.040415,            0.023976,            0.002067,             0.00824,             0.00824,             0.00824
                  34,            0.044315,            0.041282,           0.0044242,             0.77268,             0.71286,             0.76895,             0.41841,            0.038735,            0.022567,           0.0014651,            0.008185,            0.008185,            0.008185
                  35,            0.044042,            0.042151,           0.0042557,             0.78628,             0.72511,             0.78641,             0.43115,            0.038742,             0.02241,           0.0015802,             0.00813,             0.00813,             0.00813
                  36,            0.043805,            0.041828,           0.0040607,              0.7911,             0.73011,             0.78828,               0.434,            0.038241,            0.021981,           0.0014054,            0.008075,            0.008075,            0.008075
                  37,            0.043662,            0.040937,           0.0040502,             0.76435,             0.73634,             0.78777,             0.43729,            0.038237,            0.022252,           0.0014662,             0.00802,             0.00802,             0.00802
                  38,             0.04328,            0.040963,           0.0039407,              0.7668,             0.73817,             0.78031,             0.42838,            0.038383,            0.022466,           0.0014573,            0.007965,            0.007965,            0.007965
                  39,            0.043458,            0.041213,           0.0040629,             0.80127,             0.72235,             0.78836,             0.44236,            0.037966,             0.02203,           0.0016504,             0.00791,             0.00791,             0.00791
                  40,            0.043086,            0.040817,           0.0040923,             0.77772,              0.7368,             0.79049,             0.43465,            0.038107,            0.022127,           0.0013633,            0.007855,            0.007855,            0.007855
                  41,            0.043167,            0.040754,           0.0041087,             0.79204,             0.75943,             0.81085,             0.45394,            0.037556,            0.021603,           0.0012081,              0.0078,              0.0078,              0.0078
                  42,            0.042674,            0.040968,           0.0038051,             0.75368,             0.72655,             0.77363,             0.42404,            0.038898,             0.02259,           0.0020532,            0.007745,            0.007745,            0.007745
                  43,            0.042975,            0.040379,           0.0037625,             0.79951,             0.74749,             0.81233,             0.45621,            0.037353,            0.021361,           0.0013728,             0.00769,             0.00769,             0.00769
                  44,            0.042962,            0.040991,           0.0036991,             0.79635,             0.77628,             0.82267,             0.46975,            0.036765,            0.021303,           0.0011694,            0.007635,            0.007635,            0.007635
                  45,            0.042735,            0.040699,           0.0038064,             0.77995,             0.76568,             0.81061,             0.45056,            0.037597,            0.021557,           0.0011598,             0.00758,             0.00758,             0.00758
                  46,            0.042671,            0.040147,           0.0037704,             0.81114,             0.77872,             0.82727,             0.47671,            0.036507,            0.021078,           0.0010446,            0.007525,            0.007525,            0.007525
                  47,            0.042242,            0.039674,           0.0035403,             0.80734,             0.77915,              0.8294,             0.47826,            0.036353,            0.020825,           0.0010409,             0.00747,             0.00747,             0.00747
                  48,            0.042137,              0.0399,           0.0035597,             0.79419,              0.7726,             0.82374,             0.46608,            0.036469,            0.021192,           0.0010833,            0.007415,            0.007415,            0.007415
                  49,            0.042053,            0.039876,           0.0036821,             0.81953,              0.7869,             0.84373,             0.48795,            0.035851,            0.020508,          0.00092084,             0.00736,             0.00736,             0.00736
                  50,            0.041827,            0.040719,             0.00345,             0.81694,             0.79474,             0.84663,                0.49,            0.035538,            0.020336,          0.00093513,            0.007305,            0.007305,            0.007305
                  51,            0.041715,             0.03956,           0.0035844,             0.80853,              0.7877,              0.8392,             0.48786,            0.035735,            0.020854,          0.00099723,             0.00725,             0.00725,             0.00725
                  52,            0.041624,            0.039897,           0.0035441,             0.81809,             0.79738,             0.84976,             0.49334,            0.035689,            0.020174,          0.00096346,            0.007195,            0.007195,            0.007195
                  53,            0.041432,            0.039272,            0.003527,             0.80828,             0.79601,              0.8418,             0.48841,            0.035769,            0.020583,           0.0009523,             0.00714,             0.00714,             0.00714
                  54,             0.04141,            0.039391,           0.0034475,             0.83066,             0.79946,             0.85468,              0.5062,            0.035217,            0.020008,          0.00086559,            0.007085,            0.007085,            0.007085
                  55,            0.041207,            0.038626,           0.0035923,             0.83608,             0.81545,             0.86323,             0.51219,            0.034896,            0.020043,          0.00089388,             0.00703,             0.00703,             0.00703
                  56,            0.041493,            0.039288,           0.0033143,             0.82629,             0.80809,             0.85898,              0.5023,            0.035429,            0.020248,          0.00085453,            0.006975,            0.006975,            0.006975
                  57,            0.041077,            0.039279,           0.0033059,             0.83013,             0.81001,             0.86477,             0.51664,            0.034331,            0.019732,          0.00082104,             0.00692,             0.00692,             0.00692
                  58,            0.041169,            0.039548,           0.0032767,             0.84212,             0.81264,             0.86929,             0.51473,            0.034648,            0.019592,          0.00076333,            0.006865,            0.006865,            0.006865
                  59,            0.040835,             0.03901,           0.0034188,             0.84122,             0.80936,             0.86865,             0.51617,            0.034493,            0.019523,          0.00080119,             0.00681,             0.00681,             0.00681
                  60,            0.040901,            0.038721,            0.003272,             0.83863,             0.81998,             0.87161,             0.52425,            0.034046,            0.019511,          0.00073537,            0.006755,            0.006755,            0.006755
                  61,            0.040613,            0.038944,            0.003246,             0.83732,             0.81906,             0.86731,             0.52257,            0.033869,            0.019398,          0.00075286,              0.0067,              0.0067,              0.0067
                  62,              0.0405,            0.039266,           0.0031541,             0.83586,             0.81526,             0.86747,             0.52181,            0.034222,            0.019309,          0.00078425,            0.006645,            0.006645,            0.006645
                  63,             0.04038,            0.038549,           0.0031774,             0.84585,              0.8241,             0.88033,             0.53393,            0.033973,            0.019046,          0.00071202,             0.00659,             0.00659,             0.00659
                  64,            0.040368,            0.038164,           0.0031425,             0.83631,              0.8281,             0.87715,             0.53277,            0.033609,            0.019086,          0.00075754,            0.006535,            0.006535,            0.006535
                  65,            0.040397,            0.037624,           0.0031887,             0.85292,             0.82985,             0.88191,             0.53991,            0.033441,            0.018967,          0.00068591,             0.00648,             0.00648,             0.00648
                  66,            0.040409,            0.038348,           0.0032369,             0.84312,             0.83949,             0.88518,             0.54477,            0.033127,             0.01887,          0.00072286,            0.006425,            0.006425,            0.006425
                  67,            0.040379,            0.038631,           0.0032873,             0.85651,             0.83233,             0.88374,             0.54435,            0.033161,            0.018791,          0.00071327,             0.00637,             0.00637,             0.00637
                  68,            0.040141,            0.038836,            0.003133,             0.84707,             0.83443,             0.88529,             0.54255,            0.033209,            0.018829,          0.00067037,            0.006315,            0.006315,            0.006315
                  69,            0.040021,            0.038584,           0.0030225,             0.85331,             0.84101,             0.88858,             0.55096,            0.032816,            0.018616,          0.00063475,             0.00626,             0.00626,             0.00626
                  70,            0.040033,            0.037811,           0.0031661,             0.85162,             0.83018,             0.88451,             0.54739,            0.032996,            0.019034,          0.00066524,            0.006205,            0.006205,            0.006205
                  71,            0.039734,              0.0377,           0.0030435,             0.87158,             0.83583,             0.89606,             0.55682,            0.032685,            0.018524,          0.00065759,             0.00615,             0.00615,             0.00615
                  72,            0.039953,            0.038611,           0.0031039,              0.8573,             0.83541,             0.89337,             0.55461,            0.032996,            0.018664,          0.00061339,            0.006095,            0.006095,            0.006095
                  73,            0.039229,            0.038174,            0.002912,              0.8522,             0.84894,             0.89476,             0.55871,            0.032353,            0.018372,          0.00059621,             0.00604,             0.00604,             0.00604
                  74,             0.03977,            0.037602,           0.0031185,             0.86046,             0.84426,             0.89529,             0.55961,            0.032475,            0.018657,          0.00061646,            0.005985,            0.005985,            0.005985
                  75,            0.039317,            0.037983,           0.0028503,             0.87227,              0.8447,             0.90081,             0.56624,            0.032375,            0.018047,          0.00058128,             0.00593,             0.00593,             0.00593
                  76,            0.039651,            0.037824,           0.0029803,             0.87142,             0.84702,             0.90259,              0.5687,            0.032081,            0.017996,          0.00057365,            0.005875,            0.005875,            0.005875
                  77,             0.03947,            0.037085,           0.0029495,             0.86907,             0.85017,             0.90342,             0.57068,            0.032127,            0.018126,          0.00057262,             0.00582,             0.00582,             0.00582
                  78,            0.039466,            0.037788,           0.0029101,             0.87377,             0.84921,             0.90593,             0.56803,            0.032089,            0.018014,          0.00059113,            0.005765,            0.005765,            0.005765
                  79,            0.039371,            0.037195,           0.0029262,             0.87262,             0.85116,             0.90604,             0.57397,            0.031656,            0.017811,          0.00056656,             0.00571,             0.00571,             0.00571
                  80,            0.039188,            0.037405,           0.0028587,             0.86409,             0.84267,             0.90077,             0.56171,            0.032387,            0.018242,          0.00059626,            0.005655,            0.005655,            0.005655
                  81,            0.039187,            0.037011,            0.002797,             0.87444,             0.85301,               0.907,             0.57766,            0.031672,            0.017724,          0.00056094,              0.0056,              0.0056,              0.0056
                  82,            0.038893,            0.037381,           0.0029118,             0.86962,             0.85978,             0.90638,             0.57994,            0.031412,            0.017788,          0.00056633,            0.005545,            0.005545,            0.005545
                  83,            0.039127,            0.037043,           0.0028309,             0.87049,              0.8645,             0.90855,             0.58088,            0.031429,            0.017794,          0.00053365,             0.00549,             0.00549,             0.00549
                  84,            0.038707,            0.036567,           0.0028468,             0.87711,             0.86215,             0.90957,             0.57991,             0.03145,            0.017712,          0.00052088,            0.005435,            0.005435,            0.005435
                  85,            0.038661,            0.037134,           0.0029949,             0.87447,             0.86019,             0.91046,              0.5826,            0.031425,            0.017672,          0.00051889,             0.00538,             0.00538,             0.00538
                  86,            0.038718,            0.036999,           0.0027015,             0.87731,              0.8648,             0.91332,             0.58912,            0.031053,            0.017629,          0.00051821,            0.005325,            0.005325,            0.005325
                  87,            0.038784,            0.036615,           0.0028394,             0.87904,             0.86184,             0.91398,              0.5926,            0.031019,            0.017414,          0.00051172,             0.00527,             0.00527,             0.00527
                  88,            0.038576,            0.036718,           0.0027803,             0.88098,             0.86932,             0.91501,             0.59697,            0.030754,            0.017314,          0.00050755,            0.005215,            0.005215,            0.005215
                  89,            0.038407,            0.036593,           0.0027731,              0.8858,             0.86512,             0.91407,             0.59414,            0.030844,            0.017357,          0.00048833,             0.00516,             0.00516,             0.00516
                  90,            0.038788,            0.036946,           0.0027218,             0.88589,             0.86033,             0.91407,             0.59404,            0.030992,            0.017341,          0.00047608,            0.005105,            0.005105,            0.005105
                  91,              0.0386,            0.036686,           0.0028538,             0.88825,             0.85583,             0.91359,             0.59018,            0.031121,            0.017366,           0.0004823,             0.00505,             0.00505,             0.00505
                  92,            0.038219,            0.036607,           0.0025785,             0.88668,             0.86974,             0.91906,             0.59797,            0.030648,            0.017184,          0.00046958,            0.004995,            0.004995,            0.004995
                  93,             0.03823,            0.036306,           0.0026141,             0.88845,             0.86514,               0.918,             0.59672,            0.030769,            0.017152,          0.00047365,             0.00494,             0.00494,             0.00494
                  94,            0.038416,            0.036697,           0.0026473,             0.88671,             0.86571,             0.91843,             0.59539,            0.030971,             0.01724,          0.00047852,            0.004885,            0.004885,            0.004885
                  95,            0.037882,            0.036264,           0.0026183,             0.89507,             0.86849,             0.92077,             0.60306,            0.030416,            0.017011,          0.00046105,             0.00483,             0.00483,             0.00483
                  96,               0.038,            0.036599,           0.0025892,             0.88385,             0.86799,             0.91783,             0.59866,             0.03056,            0.017165,          0.00045987,            0.004775,            0.004775,            0.004775
                  97,            0.037762,            0.036656,           0.0025775,              0.8891,             0.86465,             0.91782,             0.59882,            0.030464,             0.01707,          0.00046327,             0.00472,             0.00472,             0.00472
                  98,              0.0378,             0.03621,           0.0025061,             0.89548,             0.86337,             0.92029,             0.60241,            0.030251,            0.016972,          0.00045525,            0.004665,            0.004665,            0.004665
                  99,            0.037657,            0.036317,           0.0025044,             0.89236,             0.86388,             0.92014,              0.6023,            0.030213,            0.017009,          0.00044926,             0.00461,             0.00461,             0.00461
                 100,            0.037502,            0.036558,           0.0025674,              0.8901,             0.87246,             0.92164,             0.60737,            0.029967,            0.016852,           0.0004373,            0.004555,            0.004555,            0.004555
                 101,            0.037852,            0.036168,            0.002516,             0.89084,             0.87311,             0.92288,             0.60739,            0.030032,            0.016784,          0.00043567,              0.0045,              0.0045,              0.0045
                 102,            0.037596,            0.035808,           0.0026423,             0.89251,             0.87424,             0.92407,             0.60956,            0.029972,            0.016732,          0.00043226,            0.004445,            0.004445,            0.004445
                 103,            0.037409,            0.035593,           0.0025823,             0.88585,              0.8804,             0.92459,             0.61017,             0.02996,             0.01673,          0.00042778,             0.00439,             0.00439,             0.00439
                 104,            0.037631,             0.03578,           0.0026317,               0.892,               0.876,             0.92501,             0.61094,            0.029925,            0.016693,          0.00043037,            0.004335,            0.004335,            0.004335
                 105,            0.037431,            0.036224,           0.0025525,              0.8964,             0.87755,               0.926,             0.61377,            0.029919,            0.016684,          0.00042985,             0.00428,             0.00428,             0.00428
                 106,            0.037406,            0.035533,           0.0024814,             0.89687,             0.87902,             0.92677,             0.61563,            0.029757,            0.016613,          0.00042934,            0.004225,            0.004225,            0.004225
                 107,            0.037333,            0.034919,           0.0024424,               0.898,             0.87813,             0.92641,             0.61549,            0.029691,            0.016593,          0.00042673,             0.00417,             0.00417,             0.00417
                 108,             0.03712,            0.035259,           0.0024134,             0.89479,             0.87929,             0.92636,             0.61646,            0.029687,            0.016598,          0.00042436,            0.004115,            0.004115,            0.004115
                 109,            0.036931,            0.035245,           0.0024409,             0.89856,             0.87799,             0.92676,             0.61873,            0.029566,            0.016586,          0.00042349,             0.00406,             0.00406,             0.00406
                 110,            0.037208,            0.035419,           0.0024217,             0.89826,             0.87869,             0.92753,             0.62163,            0.029422,            0.016496,          0.00042414,            0.004005,            0.004005,            0.004005
                 111,            0.036798,            0.035222,           0.0024739,             0.90138,             0.87751,             0.92794,             0.62257,            0.029439,             0.01646,          0.00042815,             0.00395,             0.00395,             0.00395
                 112,            0.037139,            0.035245,           0.0023868,             0.90447,             0.87584,             0.92816,             0.62492,            0.029302,              0.0164,          0.00042241,            0.003895,            0.003895,            0.003895
                 113,             0.03676,            0.035691,            0.002349,             0.90362,             0.87722,             0.92845,             0.62541,            0.029251,            0.016382,            0.000414,             0.00384,             0.00384,             0.00384
                 114,            0.036699,            0.035075,            0.002261,             0.90521,             0.87617,             0.92913,             0.62663,            0.029162,            0.016303,          0.00041009,            0.003785,            0.003785,            0.003785
                 115,            0.036686,            0.035153,           0.0024002,             0.90448,             0.87782,             0.92958,             0.62778,            0.029094,            0.016266,          0.00040884,             0.00373,             0.00373,             0.00373
                 116,            0.036473,            0.034592,           0.0022144,             0.90671,             0.87882,             0.92986,              0.6299,            0.029006,            0.016217,          0.00040563,            0.003675,            0.003675,            0.003675
                 117,            0.036699,            0.034829,           0.0023842,             0.90462,             0.87792,             0.92978,             0.62877,            0.029083,            0.016205,          0.00040311,             0.00362,             0.00362,             0.00362
                 118,            0.036319,            0.034953,           0.0023684,             0.90459,             0.87818,             0.93049,             0.63097,            0.028983,            0.016169,          0.00040217,            0.003565,            0.003565,            0.003565
                 119,            0.036366,            0.034726,           0.0022969,             0.90513,             0.87956,             0.93088,             0.63209,            0.028876,            0.016104,          0.00039687,             0.00351,             0.00351,             0.00351
                 120,            0.036367,            0.034909,           0.0023268,             0.90496,             0.88025,             0.93101,              0.6327,            0.028846,            0.016082,          0.00039672,            0.003455,            0.003455,            0.003455
                 121,             0.03596,            0.034284,           0.0023463,               0.906,              0.8798,             0.93189,             0.63398,            0.028804,            0.016042,          0.00039497,              0.0034,              0.0034,              0.0034
                 122,             0.03604,            0.034927,           0.0022067,             0.90584,             0.88107,             0.93241,             0.63502,            0.028722,            0.015995,          0.00039133,            0.003345,            0.003345,            0.003345
                 123,            0.035841,            0.034182,           0.0021734,             0.90692,             0.88159,             0.93302,              0.6365,            0.028639,            0.015959,          0.00038987,             0.00329,             0.00329,             0.00329
                 124,            0.036129,            0.034283,           0.0022732,              0.9088,             0.87894,             0.93339,             0.63566,            0.028648,            0.015946,          0.00038843,            0.003235,            0.003235,            0.003235
                 125,            0.035891,            0.034147,           0.0022605,             0.90845,             0.87998,             0.93378,             0.63709,            0.028566,            0.015905,          0.00038703,             0.00318,             0.00318,             0.00318
                 126,            0.035826,            0.034095,           0.0023799,             0.91161,             0.87986,             0.93418,             0.63773,            0.028539,            0.015862,          0.00038552,            0.003125,            0.003125,            0.003125
                 127,            0.036006,            0.033785,           0.0021411,             0.91205,                0.88,             0.93439,             0.63792,             0.02854,            0.015861,          0.00038331,             0.00307,             0.00307,             0.00307
                 128,             0.03571,            0.034425,           0.0022065,             0.91081,              0.8818,             0.93504,             0.63959,            0.028484,             0.01584,          0.00038267,            0.003015,            0.003015,            0.003015
                 129,            0.035965,            0.034175,           0.0022184,             0.91172,             0.88424,             0.93574,             0.64007,            0.028461,            0.015814,          0.00038211,             0.00296,             0.00296,             0.00296
                 130,            0.035383,            0.034016,           0.0019978,             0.91167,             0.88479,             0.93618,             0.64117,             0.02842,            0.015782,          0.00038014,            0.002905,            0.002905,            0.002905
                 131,            0.035278,            0.033804,           0.0020336,             0.91079,             0.88379,             0.93621,             0.64134,            0.028391,            0.015762,          0.00037962,             0.00285,             0.00285,             0.00285
                 132,            0.035272,            0.033933,           0.0020843,             0.91308,             0.88295,             0.93626,             0.64304,             0.02833,            0.015741,          0.00037947,            0.002795,            0.002795,            0.002795
                 133,            0.035476,            0.033441,           0.0021697,             0.91314,             0.88395,             0.93667,             0.64404,            0.028266,              0.0157,          0.00037871,             0.00274,             0.00274,             0.00274
                 134,            0.035224,            0.033822,           0.0020962,             0.91299,             0.88397,             0.93714,             0.64437,            0.028238,            0.015682,          0.00037563,            0.002685,            0.002685,            0.002685
                 135,            0.035568,            0.033417,           0.0021302,             0.91164,             0.88582,             0.93764,             0.64532,            0.028208,            0.015663,            0.000373,             0.00263,             0.00263,             0.00263
                 136,            0.035245,            0.033153,           0.0021003,             0.91279,             0.88454,             0.93774,             0.64604,             0.02819,            0.015655,          0.00037338,            0.002575,            0.002575,            0.002575
                 137,             0.03508,            0.033421,           0.0020697,             0.91199,             0.88561,             0.93767,             0.64643,             0.02816,            0.015622,          0.00037237,             0.00252,             0.00252,             0.00252
                 138,            0.035179,            0.033577,            0.002025,             0.91084,             0.88708,             0.93769,             0.64628,            0.028128,              0.0156,          0.00037209,            0.002465,            0.002465,            0.002465
                 139,            0.034948,            0.033622,           0.0020169,             0.91187,             0.88592,             0.93811,             0.64732,            0.028078,             0.01557,          0.00037057,             0.00241,             0.00241,             0.00241
                 140,            0.034616,            0.033554,           0.0019135,             0.91081,             0.88691,             0.93765,              0.6481,            0.028047,            0.015552,          0.00036697,            0.002355,            0.002355,            0.002355
                 141,            0.034769,            0.033619,           0.0020659,             0.90962,             0.88891,             0.93804,             0.64825,            0.028022,            0.015538,          0.00036574,              0.0023,              0.0023,              0.0023
                 142,            0.034653,            0.032655,           0.0020177,             0.90963,             0.88866,             0.93823,              0.6497,            0.027973,            0.015506,          0.00036436,            0.002245,            0.002245,            0.002245
                 143,            0.034856,            0.033132,           0.0019443,             0.90783,             0.88971,             0.93834,              0.6505,            0.027928,             0.01549,           0.0003627,             0.00219,             0.00219,             0.00219
                 144,            0.034585,            0.033425,           0.0019805,             0.90746,             0.88953,             0.93842,             0.65116,            0.027888,            0.015466,          0.00036188,            0.002135,            0.002135,            0.002135
                 145,            0.034284,             0.03262,            0.001966,             0.90805,             0.88838,             0.93854,             0.65167,            0.027873,            0.015453,          0.00036054,             0.00208,             0.00208,             0.00208
                 146,            0.034609,             0.03229,           0.0019632,             0.90994,             0.88821,             0.93853,             0.65236,             0.02783,            0.015423,           0.0003588,            0.002025,            0.002025,            0.002025
                 147,            0.034452,            0.033255,           0.0019482,             0.91096,             0.88832,              0.9387,             0.65228,            0.027808,            0.015405,          0.00035762,             0.00197,             0.00197,             0.00197
                 148,              0.0344,            0.032442,            0.001891,             0.91119,             0.88846,             0.93896,             0.65338,            0.027767,            0.015384,          0.00035602,            0.001915,            0.001915,            0.001915
                 149,            0.034229,            0.032614,           0.0018442,             0.91028,             0.88985,               0.939,             0.65378,            0.027755,             0.01537,          0.00035543,             0.00186,             0.00186,             0.00186
                 150,            0.034277,            0.032448,           0.0019162,             0.91076,             0.88962,             0.93934,              0.6537,            0.027728,            0.015355,          0.00035438,            0.001805,            0.001805,            0.001805
                 151,            0.034221,              0.0325,           0.0019891,             0.91225,             0.88965,              0.9394,             0.65429,            0.027695,            0.015334,          0.00035345,             0.00175,             0.00175,             0.00175
                 152,            0.034135,            0.032438,           0.0018861,             0.91124,             0.88963,             0.93943,             0.65455,            0.027656,            0.015314,          0.00035206,            0.001695,            0.001695,            0.001695
                 153,            0.033889,             0.03293,           0.0018078,             0.91275,             0.88923,             0.93975,             0.65497,            0.027644,            0.015303,          0.00035065,             0.00164,             0.00164,             0.00164
                 154,            0.033823,             0.03164,           0.0018496,             0.91252,             0.88944,              0.9399,             0.65545,            0.027616,            0.015285,          0.00034928,            0.001585,            0.001585,            0.001585
                 155,            0.033875,            0.032017,           0.0019242,              0.9123,             0.89014,             0.94036,             0.65552,            0.027603,            0.015276,          0.00034846,             0.00153,             0.00153,             0.00153
                 156,            0.033622,            0.032542,           0.0018328,             0.91268,             0.89047,             0.94015,             0.65662,             0.02757,             0.01526,          0.00034743,            0.001475,            0.001475,            0.001475
                 157,            0.033443,            0.031836,           0.0016961,             0.91216,             0.88987,             0.93991,             0.65658,             0.02756,            0.015252,          0.00034625,             0.00142,             0.00142,             0.00142
                 158,            0.033629,            0.032044,           0.0018319,             0.91228,             0.89087,             0.94001,             0.65717,            0.027519,            0.015229,          0.00034503,            0.001365,            0.001365,            0.001365
                 159,            0.033732,            0.032238,           0.0018656,             0.91296,             0.89059,             0.94044,             0.65744,            0.027501,             0.01522,          0.00034403,             0.00131,             0.00131,             0.00131
                 160,            0.033228,            0.031738,           0.0017228,             0.91317,             0.89053,             0.94058,             0.65811,            0.027479,            0.015208,          0.00034322,            0.001255,            0.001255,            0.001255
                 161,            0.033396,               0.032,           0.0017052,              0.9142,             0.89023,             0.94074,             0.65834,             0.02745,            0.015194,          0.00034267,              0.0012,              0.0012,              0.0012
                 162,            0.033217,            0.031372,            0.001747,             0.91508,             0.88932,             0.94085,               0.659,            0.027441,            0.015187,          0.00034206,            0.001145,            0.001145,            0.001145
                 163,            0.033637,            0.031888,           0.0018227,             0.91458,              0.8889,             0.94103,             0.65898,            0.027422,            0.015176,          0.00034137,             0.00109,             0.00109,             0.00109
                 164,            0.033057,            0.032059,            0.001763,             0.91528,             0.88937,               0.941,             0.65918,              0.0274,            0.015166,          0.00034075,            0.001035,            0.001035,            0.001035
                 165,            0.033242,            0.032214,           0.0017201,               0.916,              0.8895,             0.94112,              0.6592,            0.027387,            0.015155,          0.00034009,             0.00098,             0.00098,             0.00098
                 166,             0.03295,            0.031593,           0.0016871,             0.91473,              0.8905,             0.94127,             0.65945,            0.027372,             0.01515,           0.0003394,            0.000925,            0.000925,            0.000925
                 167,            0.033162,            0.031435,           0.0017407,              0.9148,             0.89055,             0.94114,             0.66007,            0.027359,            0.015143,          0.00033872,             0.00087,             0.00087,             0.00087
                 168,            0.032842,            0.031784,           0.0015602,             0.91508,             0.89092,             0.94141,             0.66014,            0.027347,            0.015132,          0.00033801,            0.000815,            0.000815,            0.000815
                 169,             0.03299,              0.0315,           0.0016649,             0.91572,             0.89057,             0.94149,             0.66043,            0.027331,            0.015123,          0.00033733,             0.00076,             0.00076,             0.00076
                 170,            0.032461,            0.031777,            0.001638,             0.91608,             0.89055,              0.9416,             0.66065,             0.02732,            0.015117,          0.00033649,            0.000705,            0.000705,            0.000705
                 171,            0.032376,            0.031523,           0.0016194,             0.91645,             0.89095,             0.94164,             0.66081,            0.027314,            0.015111,          0.00033574,             0.00065,             0.00065,             0.00065
                 172,            0.032659,            0.031703,           0.0015542,             0.91708,              0.8905,             0.94158,             0.66114,            0.027298,            0.015103,          0.00033508,            0.000595,            0.000595,            0.000595
                 173,            0.032621,            0.031497,           0.0015962,             0.91663,              0.8913,             0.94143,             0.66122,            0.027288,            0.015097,          0.00033439,             0.00054,             0.00054,             0.00054
                 174,            0.032423,            0.031186,           0.0016401,             0.91739,             0.89047,             0.94137,             0.66144,            0.027286,            0.015093,          0.00033367,            0.000485,            0.000485,            0.000485
                 175,            0.032293,            0.030977,           0.0015587,             0.91665,             0.89164,             0.94143,             0.66125,            0.027277,            0.015088,          0.00033307,             0.00043,             0.00043,             0.00043
                 176,            0.032595,            0.031073,           0.0015904,             0.91718,             0.88993,             0.94147,             0.66127,            0.027266,            0.015084,          0.00033245,            0.000375,            0.000375,            0.000375
                 177,            0.032706,            0.031348,           0.0015802,             0.91773,             0.88996,              0.9414,             0.66173,            0.027243,            0.015074,          0.00033179,             0.00032,             0.00032,             0.00032
                 178,            0.032246,            0.030984,           0.0016076,             0.91892,             0.88948,             0.94152,             0.66229,            0.027219,            0.015068,          0.00033097,            0.000265,            0.000265,            0.000265
                 179,            0.031938,            0.030665,           0.0016242,             0.91908,             0.88979,             0.94154,             0.66248,              0.0272,            0.015061,          0.00033021,             0.00021,             0.00021,             0.00021
